,path,label
0,label_3/{}/label_3.02_23_13_02.Still118.png,label_3
1,label_3/{}/label_3.02_23_50_28.Still128.png,label_3
2,label_1/{}/l1_extra.00_16_33_22.Still084.png,label_1
3,label_2/{}/Binh_cam.00_40_28_12.Still200.png,label_2
4,label_1/{}/Binh_cam.00_16_34_14.Still086.png,label_1
5,label_2/{}/l2_extra.01_13_46_10.Still002.png,label_2
6,label_3/{}/label_3.02_19_14_25.Still062.png,label_3
7,label_2/{}/l1_extra.00_09_46_13.Still059.png,label_2
8,label_3/{}/label_2.01_17_00_03.Still077.png,label_3
9,label_3/{}/l3_extra.02_19_57_26.Still069.png,label_3
10,label_2/{}/l1_extra.00_40_27_20.Still071.png,label_2
11,label_2/{}/label_2.01_18_29_12.Still099.png,label_2
12,label_2/{}/l2_extra.01_19_14_15.Still109.png,label_2
13,label_3/{}/label_3.02_21_25_05.Still095.png,label_3
14,label_1/{}/Binh_cam.00_06_49_24.Still046.png,label_1
15,label_1/{}/l1_extra.00_05_36_14.Still020.png,label_1
16,label_2/{}/l2_extra.01_18_46_01.Still103.png,label_2
17,label_2/{}/l2_extra.01_17_57_24.Still087.png,label_2
18,label_3/{}/Binh_cam.00_41_35_26.Still221.png,label_3
19,label_1/{}/l1_extra.00_06_31_02.Still023.png,label_1
20,label_2/{}/l2_extra.01_19_14_16.Still110.png,label_2
21,label_1/{}/Binh_cam.00_28_47_01.Still121.png,label_1
22,label_2/{}/l2_extra.01_17_28_21.Still066.png,label_2
23,label_2/{}/label_2.01_16_17_06.Still065.png,label_2
24,label_2/{}/label_2.01_19_58_07.Still124.png,label_2
25,label_3/{}/l3_extra.02_15_37_25.Still038.png,label_3
26,label_3/{}/label_2.01_17_08_05.Still079.png,label_3
27,label_3/{}/label_3.02_22_24_11.Still106.png,label_3
28,label_2/{}/l1_extra.00_14_15_25.Still060.png,label_2
29,label_3/{}/label_3.02_23_27_24.Still122.png,label_3
30,label_2/{}/l2_extra.01_19_14_27.Still114.png,label_2
31,label_1/{}/Binh_cam.00_30_00_18.Still136.png,label_1
32,label_1/{}/Binh_cam.00_06_09_27.Still034.png,label_1
33,label_2/{}/label_2.01_19_28_24.Still114.png,label_2
34,label_2/{}/label_2.01_14_45_22.Still034.png,label_2
35,label_1/{}/l1_extra.00_04_23_19.Still007.png,label_1
36,label_3/{}/label_3.02_21_04_07.Still090.png,label_3
37,label_3/{}/label_3.02_16_38_17.Still022.png,label_3
38,label_1/{}/Binh_cam.00_14_36_24.Still071.png,label_1
39,label_2/{}/l2_extra.01_15_53_28.Still049.png,label_2
40,label_2/{}/l2_extra.01_15_54_02.Still053.png,label_2
41,label_2/{}/label_2.01_17_23_09.Still083.png,label_2
42,label_2/{}/l2_extra.01_15_36_00.Still039.png,label_2
43,label_1/{}/Binh_cam.00_37_59_23.Still160.png,label_1
44,label_2/{}/l2_extra.01_17_28_27.Still068.png,label_2
45,label_3/{}/l3_extra.02_15_32_02.Still001.png,label_3
46,label_1/{}/Binh_cam.00_30_34_04.Still144.png,label_1
47,label_3/{}/l3_extra.02_16_01_18.Still045.png,label_3
48,label_1/{}/Binh_cam.00_31_30_28.Still156.png,label_1
49,label_1/{}/Binh_cam.00_14_29_24.Still069.png,label_1
50,label_1/{}/l1_extra.00_30_37_01.Still109.png,label_1
51,label_1/{}/l1_extra.00_04_33_05.Still013.png,label_1
52,label_2/{}/l2_extra.01_16_00_25.Still056.png,label_2
53,label_1/{}/l1_extra.00_04_23_26.Still011.png,label_1
54,label_1/{}/Binh_cam.00_16_48_07.Still089.png,label_1
55,label_2/{}/Binh_cam.00_40_24_14.Still198.png,label_2
56,label_2/{}/label_2.01_14_55_23.Still039.png,label_2
57,label_2/{}/l2_extra.01_16_22_27.Still060.png,label_2
58,label_1/{}/Binh_cam.00_04_52_07.Still019.png,label_1
59,label_3/{}/l3_extra.02_15_37_26.Still040.png,label_3
60,label_3/{}/label_3.02_18_21_24.Still049.png,label_3
61,label_1/{}/l1_extra.00_04_20_20.Still004.png,label_1
62,label_1/{}/Binh_cam.00_19_22_06.Still109.png,label_1
63,label_2/{}/l2_extra.01_13_46_09.Still001.png,label_2
64,label_1/{}/Binh_cam.00_29_16_23.Still129.png,label_1
65,label_2/{}/l2_extra.01_14_48_09.Still027.png,label_2
66,label_1/{}/Binh_cam.00_06_12_07.Still035.png,label_1
67,label_3/{}/l3_extra.02_18_38_13.Still059.png,label_3
68,label_2/{}/label_2.01_13_57_07.Still014.png,label_2
69,label_3/{}/l3_extra.02_16_01_14.Still009.png,label_3
70,label_2/{}/label_2.01_19_24_12.Still113.png,label_2
71,label_2/{}/label_2.01_14_36_11.Still030.png,label_2
72,label_1/{}/l1_extra.00_30_37_04.Still112.png,label_1
73,label_1/{}/l1_extra.00_06_35_04.Still031.png,label_1
74,label_2/{}/label_2.01_17_59_05.Still092.png,label_2
75,label_2/{}/label_2.01_17_39_03.Still087.png,label_2
76,label_1/{}/Binh_cam.00_04_29_15.Still015.png,label_1
77,label_1/{}/Binh_cam.00_30_15_04.Still139.png,label_1
78,label_2/{}/l2_extra.01_14_42_28.Still024.png,label_2
79,label_2/{}/l2_extra.01_18_45_26.Still099.png,label_2
80,label_1/{}/l1_extra.00_06_31_05.Still026.png,label_1
81,label_1/{}/Binh_cam.00_38_26_16.Still168.png,label_1
82,label_1/{}/Binh_cam.00_10_00_24.Still062.png,label_1
83,label_1/{}/l1_extra.00_38_31_25.Still125.png,label_1
84,label_3/{}/l3_extra.02_15_37_20.Still032.png,label_3
85,label_3/{}/Binh_cam.00_41_24_03.Still218.png,label_3
86,label_1/{}/Binh_cam.00_29_26_24.Still130.png,label_1
87,label_3/{}/label_3.02_15_37_17.Still003.png,label_3
88,label_1/{}/l1_extra.00_04_20_19.Still003.png,label_1
89,label_1/{}/Binh_cam.00_19_02_00.Still105.png,label_1
90,label_3/{}/label_3.02_22_32_14.Still108.png,label_3
91,label_3/{}/label_3.02_20_37_23.Still083.png,label_3
92,label_3/{}/label_3.02_22_48_20.Still112.png,label_3
93,label_1/{}/l1_extra.00_16_22_20.Still072.png,label_1
94,label_1/{}/l1_extra.00_09_55_20.Still046.png,label_1
95,label_1/{}/l1_extra.00_16_25_24.Still079.png,label_1
96,label_2/{}/label_2.01_19_32_26.Still116.png,label_2
97,label_2/{}/label_2.01_16_07_04.Still063.png,label_2
98,label_1/{}/Binh_cam.00_30_49_03.Still148.png,label_1
99,label_1/{}/Binh_cam.00_38_19_23.Still166.png,label_1
100,label_2/{}/label_2.01_19_31_22.Still115.png,label_2
101,label_1/{}/l1_extra.00_16_25_19.Still075.png,label_1
102,label_1/{}/Binh_cam.00_05_18_06.Still023.png,label_1
103,label_2/{}/l2_extra.01_17_28_28.Still069.png,label_2
104,label_2/{}/l2_extra.01_17_57_18.Still081.png,label_2
105,label_3/{}/l3_extra.02_15_35_23.Still026.png,label_3
106,label_1/{}/Binh_cam.00_30_01_29.Still137.png,label_1
107,label_2/{}/l2_extra.01_17_57_26.Still089.png,label_2
108,label_1/{}/Binh_cam.00_18_33_06.Still098.png,label_1
109,label_2/{}/label_2.01_16_50_05.Still074.png,label_2
110,label_3/{}/label_3.02_17_31_05.Still036.png,label_3
111,label_3/{}/label_3.02_21_48_22.Still099.png,label_3
112,label_3/{}/l3_extra.02_21_08_13.Still072.png,label_3
113,label_2/{}/l2_extra.01_20_02_25.Still126.png,label_2
114,label_1/{}/Binh_cam.00_28_38_09.Still119.png,label_1
115,label_2/{}/l2_extra.01_15_54_01.Still052.png,label_2
116,label_3/{}/l3_extra.02_21_25_16.Still075.png,label_3
117,label_2/{}/l2_extra.01_14_35_18.Still017.png,label_2
118,label_1/{}/l1_extra.00_09_55_23.Still049.png,label_1
119,label_3/{}/l3_extra.02_16_15_08.Still052.png,label_3
120,label_3/{}/l3_extra.02_22_32_18.Still022.png,label_3
121,label_1/{}/l1_extra.00_04_23_18.Still006.png,label_1
122,label_2/{}/l2_extra.01_18_46_04.Still104.png,label_2
123,label_1/{}/l1_extra.00_18_16_23.Still092.png,label_1
124,label_2/{}/label_2.01_14_58_15.Still040.png,label_2
125,label_3/{}/l3_extra.02_22_32_16.Still020.png,label_3
126,label_2/{}/label_2.01_15_13_27.Still046.png,label_2
127,label_2/{}/label_2.01_14_48_17.Still037.png,label_2
128,label_1/{}/Binh_cam.00_29_04_17.Still126.png,label_1
129,label_1/{}/Binh_cam.00_18_27_01.Still095.png,label_1
130,label_2/{}/l2_extra.01_14_45_29.Still025.png,label_2
131,label_1/{}/Binh_cam.00_04_33_10.Still016.png,label_1
132,label_2/{}/label_2.01_15_09_23.Still043.png,label_2
133,label_3/{}/l3_extra.02_21_48_04.Still077.png,label_3
134,label_1/{}/l1_extra.00_38_31_24.Still124.png,label_1
135,label_2/{}/l2_extra.01_19_14_25.Still112.png,label_2
136,label_1/{}/Binh_cam.00_04_21_01.Still013.png,label_1
137,label_2/{}/l1_extra.00_09_27_02.Still043.png,label_2
138,label_1/{}/l1_extra.00_28_35_10.Still103.png,label_1
139,label_3/{}/label_2.01_37_27_18.Still179.png,label_3
140,label_1/{}/l1_extra.00_16_22_21.Still073.png,label_1
141,label_2/{}/label_2.01_14_48_11.Still036.png,label_2
142,label_3/{}/label_3.02_16_51_28.Still026.png,label_3
143,label_3/{}/label_3.02_19_21_00.Still064.png,label_3
144,label_3/{}/l3_extra.02_19_29_00.Still063.png,label_3
145,label_2/{}/label_2.01_18_12_10.Still095.png,label_2
146,label_1/{}/l1_extra.00_06_31_04.Still025.png,label_1
147,label_2/{}/l2_extra.01_14_42_25.Still022.png,label_2
148,label_1/{}/Binh_cam.00_04_18_14.Still012.png,label_1
149,label_3/{}/l3_extra.02_20_02_09.Still070.png,label_3
150,label_2/{}/l2_extra.01_15_53_27.Still048.png,label_2
151,label_1/{}/l1_extra.00_16_22_19.Still070.png,label_1
152,label_2/{}/label_2.01_16_20_24.Still066.png,label_2
153,label_2/{}/label_2.01_14_03_11.Still019.png,label_2
154,label_1/{}/l1_extra.00_28_35_09.Still102.png,label_1
155,label_1/{}/l1_extra.00_09_55_26.Still052.png,label_1
156,label_1/{}/l1_extra.00_16_33_21.Still083.png,label_1
157,label_3/{}/label_3.02_19_01_25.Still059.png,label_3
158,label_2/{}/l1_extra.00_09_43_17.Still049.png,label_2
159,label_1/{}/l1_extra.00_04_06_27.Still002.png,label_1
160,label_3/{}/label_3.02_18_47_22.Still054.png,label_3
161,label_3/{}/label_3.02_15_37_18.Still004.png,label_3
162,label_1/{}/l1_extra.00_10_00_26.Still055.png,label_1
163,label_3/{}/label_3.02_22_00_19.Still101.png,label_3
164,label_1/{}/Binh_cam.00_14_46_10.Still073.png,label_1
165,label_3/{}/label_3.02_19_29_06.Still066.png,label_3
166,label_2/{}/label_2.01_16_22_29.Still067.png,label_2
167,label_2/{}/l2_extra.01_15_38_13.Still045.png,label_2
168,label_3/{}/label_3.02_20_34_26.Still082.png,label_3
169,label_1/{}/Binh_cam.00_04_39_13.Still018.png,label_1
170,label_1/{}/l1_extra.00_18_16_25.Still094.png,label_1
171,label_3/{}/label_3.02_17_03_10.Still029.png,label_3
172,label_2/{}/label_2.01_14_30_14.Still028.png,label_2
173,label_2/{}/Binh_cam.00_09_48_02.Still059.png,label_2
174,label_3/{}/l3_extra.02_19_52_11.Still067.png,label_3
175,label_2/{}/l2_extra.01_15_36_02.Still040.png,label_2
176,label_1/{}/Binh_cam.00_09_16_06.Still053.png,label_1
177,label_2/{}/label_2.01_15_58_07.Still061.png,label_2
178,label_1/{}/l1_extra.00_15_08_05.Still065.png,label_1
179,label_1/{}/l1_extra.00_06_49_04.Still035.png,label_1
180,label_1/{}/Binh_cam.00_04_33_24.Still017.png,label_1
181,label_3/{}/label_3.02_23_10_02.Still117.png,label_3
182,label_1/{}/l1_extra.00_06_52_25.Still037.png,label_1
183,label_3/{}/label_3.02_19_06_14.Still060.png,label_3
184,label_3/{}/l3_extra.02_16_08_10.Still013.png,label_3
185,label_2/{}/l1_extra.00_09_43_15.Still047.png,label_2
186,label_3/{}/label_3.02_21_17_25.Still093.png,label_3
187,label_2/{}/label_2.01_20_03_19.Still126.png,label_2
188,label_2/{}/l1_extra.00_14_16_01.Still066.png,label_2
189,label_1/{}/l1_extra.00_06_53_00.Still042.png,label_1
190,label_1/{}/Binh_cam.00_18_50_25.Still102.png,label_1
191,label_3/{}/label_2.01_18_38_04.Still101.png,label_3
192,label_1/{}/Binh_cam.00_18_32_12.Still097.png,label_1
193,label_1/{}/Binh_cam.00_18_40_28.Still100.png,label_1
194,label_2/{}/l2_extra.01_18_45_27.Still100.png,label_2
195,label_3/{}/label_2.01_17_05_16.Still078.png,label_3
196,label_1/{}/l1_extra.00_09_55_22.Still048.png,label_1
197,label_1/{}/Binh_cam.00_04_12_13.Still011.png,label_1
198,label_2/{}/label_2.01_14_52_21.Still038.png,label_2
199,label_2/{}/l2_extra.01_20_02_24.Still125.png,label_2
200,label_1/{}/l1_extra.00_30_37_02.Still110.png,label_1
201,label_2/{}/l1_extra.00_40_27_21.Still072.png,label_2
202,label_2/{}/label_2.01_15_20_08.Still048.png,label_2
203,label_2/{}/label_2.01_14_42_22.Still031.png,label_2
204,label_3/{}/l3_extra.02_18_48_11.Still061.png,label_3
205,label_2/{}/label_2.01_15_49_22.Still058.png,label_2
206,label_1/{}/Binh_cam.00_19_09_14.Still106.png,label_1
207,label_1/{}/Binh_cam.00_14_26_07.Still068.png,label_1
208,label_1/{}/l1_extra.00_38_11_04.Still121.png,label_1
209,label_1/{}/l1_extra.00_16_22_19.Still071.png,label_1
210,label_3/{}/l3_extra.02_15_32_01.Still000.png,label_3
211,label_1/{}/l1_extra.00_06_52_28.Still040.png,label_1
212,label_1/{}/Binh_cam.00_38_10_26.Still163.png,label_1
213,label_2/{}/label_2.01_19_11_25.Still110.png,label_2
214,label_1/{}/l1_extra.00_09_55_25.Still051.png,label_1
215,label_3/{}/label_3.02_23_38_08.Still125.png,label_3
216,label_3/{}/label_3.02_16_11_12.Still017.png,label_3
217,label_1/{}/Binh_cam.00_06_53_14.Still047.png,label_1
218,label_1/{}/l1_extra.00_06_52_29.Still041.png,label_1
219,label_2/{}/l1_extra.00_09_27_03.Still044.png,label_2
220,label_2/{}/l2_extra.01_20_13_01.Still128.png,label_2
221,label_1/{}/l1_extra.00_38_31_26.Still126.png,label_1
222,label_2/{}/l2_extra.01_18_48_19.Still107.png,label_2
223,label_2/{}/label_2.01_19_06_10.Still109.png,label_2
224,label_2/{}/l2_extra.01_17_45_27.Still070.png,label_2
225,label_3/{}/label_3.02_15_37_27.Still006.png,label_3
226,label_2/{}/label_2.01_18_01_25.Still093.png,label_2
227,label_1/{}/Binh_cam.00_28_48_16.Still122.png,label_1
228,label_1/{}/l1_extra.00_30_37_03.Still111.png,label_1
229,label_3/{}/label_3.02_21_14_05.Still092.png,label_3
230,label_1/{}/l1_extra.00_10_00_29.Still058.png,label_1
231,label_2/{}/label_2.01_14_26_29.Still027.png,label_2
232,label_1/{}/Binh_cam.00_05_54_08.Still030.png,label_1
233,label_2/{}/l2_extra.01_17_57_23.Still086.png,label_2
234,label_3/{}/label_3.02_18_54_12.Still055.png,label_3
235,label_2/{}/Binh_cam.00_14_17_04.Still066.png,label_2
236,label_1/{}/l1_extra.00_18_16_21.Still090.png,label_1
237,label_1/{}/l1_extra.00_05_31_03.Still018.png,label_1
238,label_2/{}/l2_extra.01_17_57_20.Still083.png,label_2
239,label_1/{}/Binh_cam.00_06_30_29.Still039.png,label_1
240,label_2/{}/l2_extra.01_13_46_14.Still003.png,label_2
241,label_2/{}/Binh_cam.00_40_31_07.Still201.png,label_2
242,label_2/{}/l1_extra.00_14_15_29.Still064.png,label_2
243,label_2/{}/label_2.01_13_52_18.Still013.png,label_2
244,label_2/{}/Binh_cam.00_09_44_06.Still058.png,label_2
245,label_1/{}/Binh_cam.00_04_46_21.Still020.png,label_1
246,label_2/{}/l2_extra.01_15_13_22.Still030.png,label_2
247,label_2/{}/label_2.01_17_56_17.Still091.png,label_2
248,label_2/{}/l2_extra.01_13_56_27.Still016.png,label_2
249,label_1/{}/Binh_cam.00_06_59_01.Still048.png,label_1
250,label_1/{}/l1_extra.00_38_10_28.Still116.png,label_1
251,label_1/{}/Binh_cam.00_31_18_28.Still153.png,label_1
252,label_3/{}/l3_extra.02_16_11_02.Still016.png,label_3
253,label_3/{}/l3_extra.02_15_37_22.Still004.png,label_3
254,label_1/{}/Binh_cam.00_37_52_25.Still158.png,label_1
255,label_3/{}/l3_extra.02_16_08_15.Still049.png,label_3
256,label_3/{}/label_3.02_17_36_12.Still037.png,label_3
257,label_1/{}/l1_extra.00_06_52_26.Still038.png,label_1
258,label_1/{}/l1_extra.00_06_35_06.Still033.png,label_1
259,label_2/{}/l1_extra.00_09_43_19.Still051.png,label_2
260,label_3/{}/label_3.02_15_54_21.Still010.png,label_3
261,label_3/{}/l3_extra.02_15_37_23.Still036.png,label_3
262,label_2/{}/label_2.01_16_37_00.Still071.png,label_2
263,label_1/{}/Binh_cam.00_06_21_08.Still037.png,label_1
264,label_3/{}/label_3.02_18_57_21.Still056.png,label_3
265,label_3/{}/l3_extra.02_15_37_19.Still031.png,label_3
266,label_3/{}/l3_extra.02_16_11_01.Still015.png,label_3
267,label_3/{}/l3_extra.02_22_17_27.Still019.png,label_3
268,label_3/{}/label_3.02_19_52_08.Still070.png,label_3
269,label_1/{}/Binh_cam.00_28_27_01.Still115.png,label_1
270,label_2/{}/l1_extra.00_40_31_02.Still076.png,label_2
271,label_2/{}/label_2.01_16_28_00.Still069.png,label_2
272,label_3/{}/label_2.01_18_40_21.Still102.png,label_3
273,label_1/{}/Binh_cam.00_06_35_18.Still042.png,label_1
274,label_1/{}/Binh_cam.00_18_17_16.Still094.png,label_1
275,label_1/{}/l1_extra.00_10_00_27.Still056.png,label_1
276,label_2/{}/label_2.01_17_44_08.Still088.png,label_2
277,label_2/{}/l2_extra.01_19_14_29.Still116.png,label_2
278,label_1/{}/l1_extra.00_06_35_03.Still030.png,label_1
279,label_2/{}/label_2.01_13_49_03.Still010.png,label_2
280,label_2/{}/l1_extra.00_40_27_17.Still068.png,label_2
281,label_3/{}/l3_extra.02_16_01_15.Still043.png,label_3
282,label_2/{}/label_2.01_14_46_12.Still035.png,label_2
283,label_2/{}/Binh_cam.00_14_05_28.Still064.png,label_2
284,label_2/{}/Binh_cam.00_30_59_10.Still150.png,label_2
285,label_1/{}/Binh_cam.00_18_57_14.Still104.png,label_1
286,label_2/{}/Binh_cam.00_09_34_21.Still056.png,label_2
287,label_3/{}/l3_extra.02_15_37_24.Still037.png,label_3
288,label_3/{}/Binh_cam.00_41_23_02.Still217.png,label_3
289,label_3/{}/Binh_cam.00_28_00_24.Still111.png,label_3
290,label_1/{}/Binh_cam.00_38_46_26.Still173.png,label_1
291,label_2/{}/l2_extra.01_17_45_28.Still071.png,label_2
292,label_3/{}/label_3.02_16_02_08.Still012.png,label_3
293,label_2/{}/l2_extra.01_19_14_28.Still115.png,label_2
294,label_2/{}/label_2.01_17_26_15.Still084.png,label_2
295,label_1/{}/l1_extra.00_10_01_02.Still061.png,label_1
296,label_1/{}/Binh_cam.00_16_33_17.Still085.png,label_1
297,label_2/{}/label_2.01_18_54_26.Still106.png,label_2
298,label_3/{}/l3_extra.02_16_01_13.Still041.png,label_3
299,label_2/{}/l2_extra.01_15_38_10.Still044.png,label_2
300,label_2/{}/l2_extra.01_15_13_29.Still035.png,label_2
301,label_2/{}/l2_extra.01_17_46_05.Still078.png,label_2
302,label_1/{}/Binh_cam.00_29_00_25.Still124.png,label_1
303,label_2/{}/label_2.01_20_01_01.Still125.png,label_2
304,label_3/{}/label_3.02_22_52_24.Still113.png,label_3
305,label_1/{}/Binh_cam.00_06_46_00.Still045.png,label_1
306,label_1/{}/l1_extra.00_06_31_06.Still027.png,label_1
307,label_3/{}/label_3.02_18_38_20.Still052.png,label_3
308,label_1/{}/Binh_cam.00_06_08_20.Still033.png,label_1
309,label_3/{}/label_3.02_15_35_06.Still002.png,label_3
310,label_2/{}/label_2.01_15_53_21.Still059.png,label_2
311,label_2/{}/l2_extra.01_17_58_00.Still090.png,label_2
312,label_2/{}/l2_extra.01_20_13_02.Still129.png,label_2
313,label_3/{}/l3_extra.02_15_37_25.Still007.png,label_3
314,label_1/{}/l1_extra.00_28_35_08.Still101.png,label_1
315,label_3/{}/l3_extra.02_21_22_22.Still074.png,label_3
316,label_1/{}/l1_extra.00_09_52_03.Still043.png,label_1
317,label_1/{}/Binh_cam.00_31_21_29.Still154.png,label_1
318,label_3/{}/label_3.02_19_47_21.Still069.png,label_3
319,label_1/{}/Binh_cam.00_07_08_03.Still050.png,label_1
320,label_2/{}/Binh_cam.00_09_21_23.Still054.png,label_2
321,label_1/{}/l1_extra.00_19_27_03.Still098.png,label_1
322,label_1/{}/Binh_cam.00_38_32_04.Still170.png,label_1
323,label_1/{}/l1_extra.00_04_33_09.Still017.png,label_1
324,label_2/{}/l2_extra.01_18_45_28.Still101.png,label_2
325,label_2/{}/l2_extra.01_17_28_25.Still067.png,label_2
326,label_3/{}/label_3.02_18_24_16.Still050.png,label_3
327,label_3/{}/l3_extra.02_16_40_19.Still056.png,label_3
328,label_1/{}/Binh_cam.00_05_50_12.Still029.png,label_1
329,label_1/{}/Binh_cam.00_09_12_25.Still052.png,label_1
330,label_3/{}/l3_extra.02_18_42_04.Still060.png,label_3
331,label_1/{}/Binh_cam.00_29_45_19.Still133.png,label_1
332,label_2/{}/l2_extra.01_15_36_04.Still042.png,label_2
333,label_1/{}/l1_extra.00_15_08_04.Still064.png,label_1
334,label_2/{}/l2_extra.01_15_13_25.Still033.png,label_2
335,label_2/{}/l2_extra.01_19_14_24.Still111.png,label_2
336,label_2/{}/label_2.01_16_23_23.Still068.png,label_2
337,label_3/{}/label_3.02_16_49_07.Still025.png,label_3
338,label_1/{}/l1_extra.00_16_33_24.Still086.png,label_1
339,label_2/{}/l2_extra.01_15_35_26.Still036.png,label_2
340,label_1/{}/Binh_cam.00_06_35_02.Still041.png,label_1
341,label_1/{}/l1_extra.00_19_26_26.Still095.png,label_1
342,label_3/{}/label_2.01_37_30_04.Still180.png,label_3
343,label_1/{}/l1_extra.00_09_52_04.Still044.png,label_1
344,label_2/{}/l2_extra.01_15_54_00.Still051.png,label_2
345,label_1/{}/l1_extra.00_09_55_21.Still047.png,label_1
346,label_1/{}/Binh_cam.00_38_11_19.Still164.png,label_1
347,label_3/{}/label_3.02_22_54_28.Still114.png,label_3
348,label_1/{}/l1_extra.00_10_00_28.Still057.png,label_1
349,label_1/{}/l1_extra.00_38_11_02.Still120.png,label_1
350,label_3/{}/label_3.02_18_18_12.Still048.png,label_3
351,label_1/{}/l1_extra.00_28_35_13.Still106.png,label_1
352,label_2/{}/label_2.01_15_13_03.Still045.png,label_2
353,label_1/{}/l1_extra.00_06_24_18.Still021.png,label_1
354,label_2/{}/l2_extra.01_18_45_25.Still098.png,label_2
355,label_1/{}/l1_extra.00_16_33_26.Still088.png,label_1
356,label_1/{}/l1_extra.00_28_35_11.Still104.png,label_1
357,label_1/{}/l1_extra.00_16_33_23.Still085.png,label_1
358,label_1/{}/l1_extra.00_38_11_00.Still118.png,label_1
359,label_2/{}/label_2.01_16_43_13.Still073.png,label_2
360,label_1/{}/l1_extra.00_38_11_01.Still119.png,label_1
361,label_3/{}/l3_extra.02_16_01_16.Still044.png,label_3
362,label_3/{}/l3_extra.02_15_37_18.Still029.png,label_3
363,label_1/{}/l1_extra.00_10_01_03.Still062.png,label_1
364,label_2/{}/l2_extra.01_15_36_03.Still041.png,label_2
365,label_2/{}/l2_extra.01_13_52_03.Still012.png,label_2
366,label_1/{}/Binh_cam.00_16_44_21.Still088.png,label_1
367,label_2/{}/label_2.01_17_33_27.Still086.png,label_2
368,label_1/{}/Binh_cam.00_38_23_18.Still167.png,label_1
369,label_2/{}/label_2.01_14_12_07.Still023.png,label_2
370,label_2/{}/l2_extra.01_15_53_15.Still046.png,label_2
371,label_2/{}/label_2.01_16_53_10.Still075.png,label_2
372,label_2/{}/l2_extra.01_13_46_08.Still005.png,label_2
373,label_1/{}/l1_extra.00_04_06_25.Still001.png,label_1
374,label_2/{}/l2_extra.01_13_51_29.Still010.png,label_2
375,label_2/{}/label_2.01_15_05_11.Still041.png,label_2
376,label_2/{}/l2_extra.01_18_45_29.Still102.png,label_2
377,label_3/{}/label_3.02_19_11_12.Still061.png,label_3
378,label_3/{}/l3_extra.02_16_08_05.Still012.png,label_3
379,label_2/{}/l2_extra.01_20_12_26.Still127.png,label_2
380,label_2/{}/l2_extra.01_18_45_23.Still096.png,label_2
381,label_2/{}/l2_extra.01_13_52_11.Still015.png,label_2
382,label_2/{}/label_2.01_13_59_03.Still015.png,label_2
383,label_3/{}/label_3.02_22_57_16.Still115.png,label_3
384,label_1/{}/Binh_cam.00_38_29_09.Still169.png,label_1
385,label_3/{}/label_3.02_21_22_10.Still094.png,label_3
386,label_3/{}/l3_extra.02_15_37_18.Still028.png,label_3
387,label_1/{}/Binh_cam.00_29_56_04.Still135.png,label_1
388,label_3/{}/label_3.02_22_11_23.Still103.png,label_3
389,label_2/{}/l2_extra.01_13_49_09.Still009.png,label_2
390,label_2/{}/label_2.01_19_15_11.Still111.png,label_2
391,label_2/{}/label_2.01_13_59_15.Still016.png,label_2
392,label_1/{}/Binh_cam.00_18_53_25.Still103.png,label_1
393,label_1/{}/l1_extra.00_16_25_23.Still078.png,label_1
394,label_1/{}/Binh_cam.00_38_08_05.Still162.png,label_1
395,label_2/{}/l1_extra.00_40_27_22.Still073.png,label_2
396,label_1/{}/l1_extra.00_10_01_00.Still059.png,label_1
397,label_2/{}/Binh_cam.00_14_20_21.Still067.png,label_2
398,label_3/{}/l3_extra.02_16_08_12.Still014.png,label_3
399,label_3/{}/label_3.02_16_10_28.Still016.png,label_3
400,label_3/{}/label_3.02_16_43_23.Still024.png,label_3
401,label_2/{}/label_2.01_19_45_17.Still119.png,label_2
402,label_2/{}/l2_extra.01_14_42_23.Still021.png,label_2
403,label_1/{}/Binh_cam.00_15_09_06.Still079.png,label_1
404,label_3/{}/label_3.02_15_43_00.Still007.png,label_3
405,label_1/{}/l1_extra.00_38_11_05.Still122.png,label_1
406,label_1/{}/Binh_cam.00_30_11_07.Still138.png,label_1
407,label_2/{}/label_2.01_14_09_12.Still021.png,label_2
408,label_1/{}/l1_extra.00_16_33_27.Still089.png,label_1
409,label_3/{}/label_2.01_17_17_13.Still082.png,label_3
410,label_1/{}/Binh_cam.00_09_08_28.Still051.png,label_1
411,label_3/{}/label_3.02_16_41_01.Still023.png,label_3
412,label_3/{}/label_3.02_19_36_11.Still068.png,label_3
413,label_3/{}/label_3.02_15_46_07.Still008.png,label_3
414,label_1/{}/l1_extra.00_38_31_27.Still127.png,label_1
415,label_2/{}/l2_extra.01_17_57_22.Still085.png,label_2
416,label_3/{}/label_3.02_17_43_00.Still039.png,label_3
417,label_2/{}/l2_extra.01_14_35_21.Still019.png,label_2
418,label_2/{}/label_2.01_15_36_07.Still054.png,label_2
419,label_1/{}/l1_extra.00_06_52_24.Still036.png,label_1
420,label_3/{}/label_3.02_23_34_13.Still124.png,label_3
421,label_1/{}/Binh_cam.00_29_31_29.Still131.png,label_1
422,label_1/{}/Binh_cam.00_18_37_06.Still099.png,label_1
423,label_1/{}/Binh_cam.00_28_35_16.Still118.png,label_1
424,label_1/{}/l1_extra.00_38_32_04.Still128.png,label_1
425,label_1/{}/Binh_cam.00_06_38_22.Still043.png,label_1
426,label_1/{}/l1_extra.00_15_08_03.Still063.png,label_1
427,label_2/{}/label_2.01_18_23_15.Still097.png,label_2
428,label_2/{}/l1_extra.00_09_46_11.Still057.png,label_2
429,label_2/{}/label_2.01_14_15_06.Still025.png,label_2
430,label_2/{}/l2_extra.01_14_48_06.Still026.png,label_2
431,label_1/{}/l1_extra.00_09_52_05.Still045.png,label_1
432,label_1/{}/l1_extra.00_10_01_01.Still060.png,label_1
433,label_1/{}/l1_extra.00_28_35_12.Still105.png,label_1
434,label_3/{}/l3_extra.02_16_22_11.Still053.png,label_3
435,label_2/{}/label_2.01_18_06_09.Still094.png,label_2
436,label_2/{}/label_2.01_16_01_10.Still062.png,label_2
437,label_1/{}/Binh_cam.00_29_13_01.Still128.png,label_1
438,label_2/{}/l2_extra.01_16_23_00.Still062.png,label_2
439,label_2/{}/l2_extra.01_17_46_06.Still079.png,label_2
440,label_3/{}/l3_extra.02_19_54_23.Still068.png,label_3
441,label_3/{}/label_3.02_19_57_25.Still072.png,label_3
442,label_2/{}/l2_extra.01_17_57_17.Still080.png,label_2
443,label_2/{}/label_2.01_14_01_05.Still018.png,label_2
444,label_3/{}/label_3.02_16_01_13.Still011.png,label_3
445,label_1/{}/l1_extra.00_16_33_20.Still082.png,label_1
446,label_2/{}/l1_extra.00_09_43_20.Still052.png,label_2
447,label_2/{}/label_2.01_18_46_15.Still103.png,label_2
448,label_1/{}/l1_extra.00_04_33_07.Still015.png,label_1
449,label_2/{}/Binh_cam.00_09_28_15.Still055.png,label_2
450,label_2/{}/l1_extra.00_09_27_04.Still045.png,label_2
451,label_3/{}/l3_extra.02_22_32_17.Still021.png,label_3
452,label_2/{}/l2_extra.01_13_52_01.Still011.png,label_2
453,label_2/{}/l2_extra.01_14_48_13.Still028.png,label_2
454,label_1/{}/l1_extra.00_15_08_07.Still067.png,label_1
455,label_1/{}/Binh_cam.00_05_31_19.Still026.png,label_1
456,label_2/{}/l2_extra.01_16_16_12.Still058.png,label_2
457,label_2/{}/label_2.01_15_54_22.Still060.png,label_2
458,label_1/{}/Binh_cam.00_29_03_19.Still125.png,label_1
459,label_3/{}/l3_extra.02_16_08_07.Still047.png,label_3
460,label_2/{}/Binh_cam.00_40_31_25.Still202.png,label_2
461,label_2/{}/l2_extra.01_15_54_04.Still055.png,label_2
462,label_1/{}/l1_extra.00_19_27_01.Still097.png,label_1
463,label_1/{}/Binh_cam.00_16_38_17.Still087.png,label_1
464,label_1/{}/Binh_cam.00_06_31_17.Still040.png,label_1
465,label_3/{}/l3_extra.02_22_17_26.Still018.png,label_3
466,label_1/{}/Binh_cam.00_28_33_01.Still116.png,label_1
467,label_2/{}/l2_extra.01_16_22_28.Still061.png,label_2
468,label_1/{}/Binh_cam.00_05_46_27.Still028.png,label_1
469,label_1/{}/l1_extra.00_19_26_29.Still096.png,label_1
470,label_2/{}/l2_extra.01_18_48_18.Still106.png,label_2
471,label_1/{}/l1_extra.00_16_25_22.Still077.png,label_1
472,label_2/{}/l1_extra.00_14_15_27.Still062.png,label_2
473,label_2/{}/Binh_cam.00_09_40_27.Still057.png,label_2
474,label_1/{}/l1_extra.00_09_55_24.Still050.png,label_1
475,label_2/{}/l2_extra.01_18_48_17.Still105.png,label_2
476,label_1/{}/Binh_cam.00_18_47_20.Still101.png,label_1
477,label_1/{}/l1_extra.00_06_31_07.Still028.png,label_1
478,label_3/{}/label_3.02_23_23_26.Still120.png,label_3
479,label_2/{}/label_2.01_16_40_21.Still072.png,label_2
480,label_1/{}/Binh_cam.00_28_34_25.Still117.png,label_1
481,label_1/{}/l1_extra.00_38_11_08.Still123.png,label_1
482,label_2/{}/l2_extra.01_14_35_25.Still020.png,label_2
483,label_1/{}/Binh_cam.00_04_07_02.Still009.png,label_1
484,label_1/{}/l1_extra.00_06_52_27.Still039.png,label_1
485,label_1/{}/Binh_cam.00_03_58_02.Still007.png,label_1
486,label_2/{}/label_2.01_15_30_15.Still050.png,label_2
487,label_1/{}/l1_extra.00_28_35_15.Still108.png,label_1
488,label_3/{}/l3_extra.02_16_01_14.Still042.png,label_3
489,label_2/{}/label_2.01_14_10_26.Still022.png,label_2
490,label_2/{}/l2_extra.01_15_13_23.Still031.png,label_2
491,label_3/{}/l3_extra.02_16_01_16.Still011.png,label_3
492,label_2/{}/l2_extra.01_13_49_07.Still008.png,label_2
493,label_1/{}/Binh_cam.00_06_03_27.Still032.png,label_1
494,label_2/{}/l2_extra.01_15_13_26.Still034.png,label_2
495,label_2/{}/l1_extra.00_09_46_07.Still055.png,label_2
496,label_3/{}/l3_extra.02_19_33_13.Still064.png,label_3
497,label_3/{}/l3_extra.02_15_37_20.Still003.png,label_3
498,label_1/{}/Binh_cam.00_30_17_05.Still140.png,label_1
499,label_3/{}/label_3.02_23_41_05.Still126.png,label_3
500,label_3/{}/l1_extra.00_41_23_14.Still000.png,label_3
501,label_3/{}/l3_extra.02_15_37_22.Still035.png,label_3
502,label_1/{}/l1_extra.00_06_35_05.Still032.png,label_1
503,label_3/{}/label_3.02_19_33_07.Still067.png,label_3
504,label_2/{}/Binh_cam.00_30_53_16.Still149.png,label_2
505,label_2/{}/l1_extra.00_09_43_18.Still050.png,label_2
506,label_1/{}/l1_extra.00_16_25_18.Still074.png,label_1
507,label_1/{}/Binh_cam.00_05_37_01.Still027.png,label_1
508,label_2/{}/label_2.01_14_00_08.Still017.png,label_2
509,label_2/{}/Binh_cam.00_40_17_05.Still196.png,label_2
510,label_1/{}/l1_extra.00_09_55_27.Still053.png,label_1
511,label_1/{}/Binh_cam.00_14_57_11.Still075.png,label_1
512,label_3/{}/label_3.02_20_02_15.Still073.png,label_3
513,label_3/{}/label_3.02_16_08_24.Still015.png,label_3
514,label_3/{}/label_3.02_22_18_12.Still104.png,label_3
515,label_3/{}/l3_extra.02_15_37_19.Still030.png,label_3
516,label_3/{}/Binh_cam.00_41_31_28.Still220.png,label_3
517,label_2/{}/label_2.01_18_19_09.Still096.png,label_2
518,label_2/{}/l2_extra.01_18_45_22.Still095.png,label_2
519,label_2/{}/l2_extra.01_16_23_02.Still064.png,label_2
520,label_2/{}/label_2.01_15_36_01.Still053.png,label_2
521,label_1/{}/l1_extra.00_16_21_21.Still069.png,label_1
522,label_3/{}/l3_extra.02_15_37_24.Still006.png,label_3
523,label_2/{}/label_2.01_16_55_27.Still076.png,label_2
524,label_2/{}/label_2.01_16_16_13.Still064.png,label_2
525,label_1/{}/Binh_cam.00_14_39_01.Still072.png,label_1
526,label_2/{}/l2_extra.01_13_49_05.Still007.png,label_2
527,label_1/{}/Binh_cam.00_28_23_03.Still114.png,label_1
528,label_3/{}/l3_extra.02_21_51_22.Still078.png,label_3
529,label_1/{}/l1_extra.00_16_33_25.Still087.png,label_1
530,label_3/{}/l3_extra.02_15_35_23.Still027.png,label_3
531,label_1/{}/Binh_cam.00_16_20_14.Still081.png,label_1
532,label_3/{}/label_3.02_22_35_21.Still110.png,label_3
533,label_1/{}/l1_extra.00_18_16_24.Still093.png,label_1
534,label_3/{}/l3_extra.02_22_32_20.Still024.png,label_3
535,label_1/{}/Binh_cam.00_06_00_13.Still031.png,label_1
536,label_2/{}/l1_extra.00_09_46_04.Still053.png,label_2
537,label_2/{}/l2_extra.01_19_15_01.Still117.png,label_2
538,label_2/{}/label_2.01_13_51_20.Still012.png,label_2
539,label_3/{}/l3_extra.02_18_35_18.Still058.png,label_3
540,label_1/{}/Binh_cam.00_15_05_16.Still077.png,label_1
541,label_3/{}/l3_extra.02_19_48_10.Still066.png,label_3
542,label_1/{}/Binh_cam.00_05_20_20.Still024.png,label_1
543,label_2/{}/l1_extra.00_40_31_01.Still075.png,label_2
544,label_1/{}/Binh_cam.00_29_36_11.Still132.png,label_1
545,label_1/{}/Binh_cam.00_09_57_02.Still061.png,label_1
546,label_1/{}/l1_extra.00_30_37_13.Still113.png,label_1
547,label_3/{}/l3_extra.02_19_26_03.Still062.png,label_3
548,label_3/{}/label_3.02_16_05_16.Still013.png,label_3
549,label_2/{}/l2_extra.01_15_35_29.Still038.png,label_2
550,label_2/{}/l1_extra.00_14_15_26.Still061.png,label_2
551,label_2/{}/l2_extra.01_13_46_07.Still004.png,label_2
552,label_1/{}/l1_extra.00_16_25_20.Still076.png,label_1
553,label_1/{}/Binh_cam.00_16_25_16.Still082.png,label_1
554,label_3/{}/label_3.02_16_15_06.Still018.png,label_3
555,label_2/{}/label_2.01_19_35_10.Still117.png,label_2
556,label_3/{}/l3_extra.02_15_37_19.Still002.png,label_3
557,label_1/{}/Binh_cam.00_18_09_23.Still091.png,label_1
558,label_2/{}/l2_extra.01_19_31_25.Still118.png,label_2
559,label_3/{}/label_3.02_20_43_26.Still086.png,label_3
560,label_2/{}/l2_extra.01_16_22_26.Still059.png,label_2
561,label_2/{}/l2_extra.01_13_46_07.Still000.png,label_2
562,label_1/{}/Binh_cam.00_09_53_05.Still060.png,label_1
563,label_2/{}/label_2.01_19_54_21.Still123.png,label_2
564,label_3/{}/label_3.02_21_44_15.Still098.png,label_3
565,label_1/{}/l1_extra.00_04_06_24.Still000.png,label_1
566,label_3/{}/label_3.02_23_19_12.Still119.png,label_3
567,label_1/{}/l1_extra.00_04_33_04.Still012.png,label_1
568,label_1/{}/l1_extra.00_04_33_06.Still014.png,label_1
569,label_2/{}/l2_extra.01_15_36_05.Still043.png,label_2
570,label_1/{}/Binh_cam.00_19_14_06.Still107.png,label_1
571,label_1/{}/Binh_cam.00_16_26_07.Still083.png,label_1
572,label_2/{}/l2_extra.01_14_42_26.Still023.png,label_2
573,label_1/{}/Binh_cam.00_03_56_02.Still006.png,label_1
574,label_2/{}/label_2.01_19_03_09.Still108.png,label_2
575,label_1/{}/Binh_cam.00_16_30_27.Still084.png,label_1
576,label_2/{}/label_2.01_17_47_15.Still089.png,label_2
577,label_3/{}/label_3.02_23_45_25.Still127.png,label_3
578,label_1/{}/Binh_cam.00_19_19_04.Still108.png,label_1
579,label_2/{}/label_2.01_20_10_06.Still127.png,label_2
580,label_3/{}/label_3.02_16_28_01.Still020.png,label_3
581,label_2/{}/label_2.01_18_51_09.Still105.png,label_2
582,label_2/{}/label_2.01_14_05_22.Still020.png,label_2
583,label_2/{}/label_2.01_15_14_22.Still047.png,label_2
584,label_2/{}/l2_extra.01_17_58_01.Still091.png,label_2
585,label_2/{}/l1_extra.00_40_27_19.Still070.png,label_2
586,label_1/{}/Binh_cam.00_28_44_17.Still120.png,label_1
587,label_1/{}/Binh_cam.00_38_32_25.Still171.png,label_1
588,label_1/{}/l1_extra.00_18_16_22.Still091.png,label_1
589,label_3/{}/l3_extra.02_15_37_21.Still034.png,label_3
590,label_1/{}/Binh_cam.00_31_13_22.Still152.png,label_1
591,label_2/{}/l2_extra.01_17_58_02.Still092.png,label_2
592,label_3/{}/Binh_cam.00_28_08_02.Still112.png,label_3
593,label_2/{}/l2_extra.01_17_45_29.Still072.png,label_2
594,label_1/{}/l1_extra.00_38_10_24.Still114.png,label_1
595,label_2/{}/l2_extra.01_19_14_26.Still113.png,label_2
596,label_2/{}/l2_extra.01_15_54_03.Still054.png,label_2
597,label_2/{}/l1_extra.00_14_15_28.Still063.png,label_2
598,label_2/{}/l1_extra.00_09_27_01.Still042.png,label_2
599,label_3/{}/label_3.02_16_58_20.Still028.png,label_3
600,label_3/{}/label_3.02_19_26_12.Still065.png,label_3
601,label_2/{}/label_2.01_15_39_06.Still055.png,label_2
602,label_3/{}/label_3.02_20_27_21.Still081.png,label_3
603,label_2/{}/l2_extra.01_18_18_09.Still093.png,label_2
604,label_3/{}/l3_extra.02_21_03_22.Still071.png,label_3
605,label_2/{}/l2_extra.01_16_23_01.Still063.png,label_2
606,label_1/{}/Binh_cam.00_30_18_02.Still141.png,label_1
607,label_1/{}/Binh_cam.00_30_25_16.Still142.png,label_1
608,label_1/{}/l1_extra.00_16_33_19.Still081.png,label_1
609,label_2/{}/l2_extra.01_15_53_29.Still050.png,label_2
610,label_2/{}/l2_extra.01_18_45_24.Still097.png,label_2
611,label_1/{}/Binh_cam.00_38_43_00.Still172.png,label_1
612,label_1/{}/l1_extra.00_04_23_24.Still009.png,label_1
613,label_3/{}/label_3.02_19_18_18.Still063.png,label_3
614,label_3/{}/l3_extra.02_21_44_27.Still076.png,label_3
615,label_1/{}/Binh_cam.00_38_14_06.Still165.png,label_1
616,label_3/{}/label_3.02_23_26_08.Still121.png,label_3
617,label_3/{}/l3_extra.02_19_36_17.Still065.png,label_3
618,label_2/{}/label_2.01_15_35_25.Still051.png,label_2
619,label_2/{}/label_2.01_19_50_16.Still122.png,label_2
620,label_1/{}/l1_extra.00_19_27_05.Still100.png,label_1
621,label_2/{}/l2_extra.01_17_46_00.Still073.png,label_2
622,label_1/{}/l1_extra.00_04_23_25.Still010.png,label_1
623,label_3/{}/label_3.02_15_37_21.Still005.png,label_3
624,label_1/{}/Binh_cam.00_37_56_21.Still159.png,label_1
625,label_2/{}/Binh_cam.00_14_10_00.Still065.png,label_2
626,label_2/{}/label_2.01_15_45_11.Still057.png,label_2
627,label_1/{}/Binh_cam.00_14_34_09.Still070.png,label_1
628,label_3/{}/label_2.01_17_14_07.Still081.png,label_3
629,label_1/{}/l1_extra.00_28_35_14.Still107.png,label_1
630,label_2/{}/label_2.01_14_13_26.Still024.png,label_2
631,label_3/{}/label_3.02_20_42_00.Still085.png,label_3
632,label_3/{}/label_3.02_19_55_05.Still071.png,label_3
633,label_1/{}/l1_extra.00_04_20_21.Still005.png,label_1
634,label_1/{}/Binh_cam.00_05_09_09.Still021.png,label_1
635,label_2/{}/label_2.01_14_33_22.Still029.png,label_2
636,label_2/{}/label_2.01_19_18_07.Still112.png,label_2
637,label_1/{}/l1_extra.00_09_55_28.Still054.png,label_1
638,label_2/{}/label_2.01_14_42_24.Still032.png,label_2
639,label_2/{}/l1_extra.00_09_46_06.Still054.png,label_2
640,label_2/{}/l2_extra.01_15_13_24.Still032.png,label_2
641,label_3/{}/label_3.02_17_28_03.Still035.png,label_3
642,label_3/{}/label_3.02_21_40_08.Still097.png,label_3
643,label_1/{}/Binh_cam.00_14_59_24.Still076.png,label_1
644,label_3/{}/label_3.02_21_08_19.Still091.png,label_3
645,label_3/{}/label_3.02_16_55_17.Still027.png,label_3
646,label_2/{}/label_2.01_15_35_27.Still052.png,label_2
647,label_3/{}/l3_extra.02_15_37_26.Still008.png,label_3
648,label_3/{}/Binh_cam.00_28_11_21.Still113.png,label_3
649,label_1/{}/l1_extra.00_15_08_06.Still066.png,label_1
650,label_3/{}/label_3.02_23_29_07.Still123.png,label_3
651,label_3/{}/label_3.02_18_42_04.Still053.png,label_3
652,label_3/{}/label_3.02_17_40_10.Still038.png,label_3
653,label_2/{}/label_2.01_17_29_16.Still085.png,label_2
654,label_2/{}/label_2.01_17_52_08.Still090.png,label_2
655,label_2/{}/label_2.01_19_37_25.Still118.png,label_2
656,label_3/{}/l3_extra.02_15_37_20.Still033.png,label_3
657,label_1/{}/Binh_cam.00_16_15_18.Still080.png,label_1
658,label_3/{}/l3_extra.02_16_43_25.Still057.png,label_3
659,label_2/{}/l2_extra.01_16_23_03.Still065.png,label_2
660,label_1/{}/l1_extra.00_16_33_15.Still080.png,label_1
661,label_2/{}/l2_extra.01_17_57_21.Still084.png,label_2
662,label_1/{}/Binh_cam.00_30_42_09.Still147.png,label_1
663,label_1/{}/Binh_cam.00_31_03_18.Still151.png,label_1
664,label_2/{}/l2_extra.01_19_14_14.Still108.png,label_2
665,label_2/{}/label_2.01_13_49_24.Still011.png,label_2
666,label_3/{}/l3_extra.02_21_51_23.Still079.png,label_3
667,label_1/{}/Binh_cam.00_03_50_20.Still004.png,label_1
668,label_2/{}/l1_extra.00_09_43_16.Still048.png,label_2
669,label_2/{}/l2_extra.01_17_46_03.Still076.png,label_2
670,label_3/{}/label_3.02_17_06_19.Still030.png,label_3
671,label_3/{}/label_3.02_20_39_18.Still084.png,label_3
672,label_2/{}/l1_extra.00_14_16_02.Still067.png,label_2
673,label_1/{}/l1_extra.00_15_08_08.Still068.png,label_1
674,label_2/{}/l2_extra.01_13_52_06.Still013.png,label_2
675,label_2/{}/l2_extra.01_13_48_26.Still006.png,label_2
676,label_1/{}/l1_extra.00_06_30_28.Still022.png,label_1
677,label_3/{}/label_2.01_18_33_28.Still100.png,label_3
678,label_1/{}/Binh_cam.00_30_38_06.Still146.png,label_1
679,label_3/{}/label_3.02_22_09_02.Still102.png,label_3
680,label_2/{}/l2_extra.01_15_53_25.Still047.png,label_2
681,label_1/{}/Binh_cam.00_18_12_15.Still092.png,label_1
682,label_2/{}/l2_extra.01_14_55_07.Still029.png,label_2
683,label_2/{}/label_2.01_18_47_02.Still104.png,label_2
684,label_2/{}/l2_extra.01_18_45_21.Still094.png,label_2
685,label_2/{}/l2_extra.01_17_46_04.Still077.png,label_2
686,label_3/{}/label_3.02_15_32_23.Still001.png,label_3
687,label_1/{}/Binh_cam.00_06_25_07.Still038.png,label_1
688,label_3/{}/label_2.01_17_11_16.Still080.png,label_3
689,label_2/{}/label_2.01_15_08_10.Still042.png,label_2
690,label_3/{}/label_3.02_16_22_20.Still019.png,label_3
691,label_1/{}/Binh_cam.00_04_04_01.Still008.png,label_1
692,label_3/{}/label_3.02_16_08_07.Still014.png,label_3
693,label_3/{}/l3_extra.02_16_10_28.Still050.png,label_3
694,label_3/{}/label_3.02_22_21_04.Still105.png,label_3
695,label_2/{}/l1_extra.00_09_46_10.Still056.png,label_2
696,label_3/{}/l3_extra.02_21_14_13.Still073.png,label_3
697,label_2/{}/l2_extra.01_14_35_19.Still018.png,label_2
698,label_1/{}/Binh_cam.00_10_01_26.Still063.png,label_1
699,label_1/{}/Binh_cam.00_15_08_10.Still078.png,label_1
700,label_1/{}/l1_extra.00_06_31_03.Still024.png,label_1
701,label_3/{}/label_3.02_22_28_13.Still107.png,label_3
702,label_3/{}/label_3.02_19_01_06.Still058.png,label_3
703,label_2/{}/label_2.01_15_42_08.Still056.png,label_2
704,label_3/{}/label_3.02_23_06_11.Still116.png,label_3
705,label_3/{}/l3_extra.02_16_11_13.Still051.png,label_3
706,label_3/{}/label_2.01_37_32_16.Still181.png,label_3
707,label_1/{}/l1_extra.00_06_35_02.Still029.png,label_1
708,label_3/{}/label_3.02_18_35_21.Still051.png,label_3
709,label_2/{}/label_2.01_18_26_13.Still098.png,label_2
710,label_2/{}/l2_extra.01_15_35_28.Still037.png,label_2
711,label_2/{}/l2_extra.01_16_00_26.Still057.png,label_2
712,label_1/{}/l1_extra.00_04_23_20.Still008.png,label_1
713,label_1/{}/l1_extra.00_04_33_08.Still016.png,label_1
714,label_1/{}/Binh_cam.00_04_09_15.Still010.png,label_1
715,label_1/{}/Binh_cam.00_29_07_25.Still127.png,label_1
716,label_2/{}/Binh_cam.00_40_27_11.Still199.png,label_2
717,label_1/{}/Binh_cam.00_06_43_04.Still044.png,label_1
718,label_3/{}/label_3.02_21_52_10.Still100.png,label_3
719,label_1/{}/Binh_cam.00_30_37_02.Still145.png,label_1
720,label_2/{}/l1_extra.00_40_27_23.Still074.png,label_2
721,label_2/{}/l2_extra.01_17_57_19.Still082.png,label_2
722,label_3/{}/l3_extra.02_22_17_25.Still017.png,label_3
723,label_1/{}/Binh_cam.00_04_23_28.Still014.png,label_1
724,label_3/{}/label_3.02_16_34_12.Still021.png,label_3
725,label_3/{}/label_3.02_21_29_21.Still096.png,label_3
726,label_1/{}/l1_extra.00_38_10_29.Still117.png,label_1
727,label_3/{}/l3_extra.02_16_28_05.Still054.png,label_3
728,label_2/{}/l1_extra.00_40_27_18.Still069.png,label_2
729,label_2/{}/label_2.01_18_58_22.Still107.png,label_2
730,label_3/{}/l3_extra.02_15_37_23.Still005.png,label_3
731,label_1/{}/Binh_cam.00_30_30_11.Still143.png,label_1
732,label_2/{}/l2_extra.01_13_52_09.Still014.png,label_2
733,label_1/{}/Binh_cam.00_31_23_25.Still155.png,label_1
734,label_1/{}/Binh_cam.00_14_50_21.Still074.png,label_1
735,label_1/{}/Binh_cam.00_28_55_08.Still123.png,label_1
736,label_1/{}/Binh_cam.00_05_27_19.Still025.png,label_1
737,label_1/{}/Binh_cam.00_06_16_01.Still036.png,label_1
738,label_1/{}/Binh_cam.00_29_51_15.Still134.png,label_1
739,label_1/{}/Binh_cam.00_16_52_15.Still090.png,label_1
740,label_3/{}/l3_extra.02_16_08_11.Still048.png,label_3
741,label_2/{}/l2_extra.01_17_57_25.Still088.png,label_2
742,label_2/{}/label_2.01_13_46_22.Still009.png,label_2
743,label_1/{}/Binh_cam.00_38_03_05.Still161.png,label_1
744,label_2/{}/label_2.01_13_44_28.Still008.png,label_2
745,label_2/{}/label_2.01_15_11_24.Still044.png,label_2
746,label_2/{}/l1_extra.00_14_16_00.Still065.png,label_2
747,label_2/{}/l1_extra.00_09_43_14.Still046.png,label_2
748,label_3/{}/l3_extra.02_22_32_19.Still023.png,label_3
749,label_2/{}/label_2.01_14_43_00.Still033.png,label_2
750,label_2/{}/l2_extra.01_17_46_01.Still074.png,label_2
751,label_2/{}/l2_extra.01_17_46_02.Still075.png,label_2
752,label_3/{}/l3_extra.02_16_01_15.Still010.png,label_3
753,label_2/{}/Binh_cam.00_40_21_08.Still197.png,label_2
754,label_3/{}/l3_extra.02_16_38_07.Still055.png,label_3
755,label_3/{}/label_3.02_19_01_03.Still057.png,label_3
756,label_2/{}/label_2.01_14_17_27.Still026.png,label_2
757,label_3/{}/label_2.01_37_36_11.Still182.png,label_3
758,label_3/{}/l3_extra.02_22_32_21.Still025.png,label_3
759,label_1/{}/Binh_cam.00_07_04_18.Still049.png,label_1
760,label_1/{}/l1_extra.00_38_10_27.Still115.png,label_1
761,label_1/{}/Binh_cam.00_03_54_01.Still005.png,label_1
762,label_3/{}/Binh_cam.00_41_28_07.Still219.png,label_3
763,label_1/{}/Binh_cam.00_31_35_15.Still157.png,label_1
764,label_3/{}/Binh_cam.00_41_20_10.Still216.png,label_3
765,label_3/{}/l3_extra.02_16_05_02.Still046.png,label_3
766,label_1/{}/Binh_cam.00_19_28_03.Still110.png,label_1
767,label_3/{}/label_3.02_22_33_06.Still109.png,label_3
768,label_1/{}/l1_extra.00_06_35_07.Still034.png,label_1
769,label_3/{}/label_3.02_22_46_06.Still111.png,label_3
770,label_2/{}/label_2.01_16_34_01.Still070.png,label_2
771,label_3/{}/label_3.02_15_32_02.Still000.png,label_3
772,label_1/{}/Binh_cam.00_18_15_03.Still093.png,label_1
773,label_2/{}/l2_extra.01_15_53_26.Still048.png,label_2
774,label_1/{}/Binh_cam.00_18_29_20.Still096.png,label_1
775,label_2/{}/label_2.01_15_27_16.Still049.png,label_2
776,label_3/{}/Binh_cam.00_41_16_22.Still215.png,label_3
777,label_2/{}/l1_extra.00_09_46_12.Still058.png,label_2
778,label_3/{}/label_3.02_15_51_21.Still009.png,label_3
779,label_1/{}/l1_extra.00_19_27_04.Still099.png,label_1
780,label_1/{}/l1_extra.00_05_31_04.Still019.png,label_1
781,label_1/{}/Binh_cam.00_05_13_23.Still022.png,label_1
